'',gameId_advanced,teamId_advanced,teamCity_advanced,teamName_advanced,teamTricode_advanced,teamSlug_advanced,personId,firstName_advanced,familyName_advanced,nameI_advanced,playerSlug_advanced,position_advanced,comment_advanced,jerseyNum_advanced,minutes_advanced,estimatedOffensiveRating,offensiveRating,estimatedDefensiveRating,defensiveRating,estimatedNetRating,netRating,assistPercentage,assistToTurnover,assistRatio,offensiveReboundPercentage,defensiveReboundPercentage,reboundPercentage,turnoverRatio,effectiveFieldGoalPercentage,trueShootingPercentage,usagePercentage,estimatedUsagePercentage,estimatedPace,pace,pacePer40,possessions,PIE,gameId_traditional,teamId_traditional,teamCity_traditional,teamName_traditional,teamTricode_traditional,teamSlug_traditional,firstName_traditional,familyName_traditional,nameI_traditional,playerSlug_traditional,position_traditional,comment_traditional,jerseyNum_traditional,minutes_traditional,fieldGoalsMade,fieldGoalsAttempted,fieldGoalsPercentage,threePointersMade,threePointersAttempted,threePointersPercentage,freeThrowsMade,freeThrowsAttempted,freeThrowsPercentage,reboundsOffensive,reboundsDefensive,reboundsTotal,assists,steals,blocks,turnovers,foulsPersonal,points,plusMinusPoints,GAME_ID
0,0022400701,1610612737,Atlanta,Hawks,ATL,hawks,1642258,Zaccharie,Risacher,Z. Risacher,zaccharie-risacher,F,,,25:40,120.5,123.7,122.5,118.6,-1.9,5.1,0.111,0.0,15.4,0.0,0.125,0.065,0.0,0.667,0.73,0.18,0.179,110.08,110.34,91.95,59.0,0.125,0022400701,1610612737,Atlanta,Hawks,ATL,hawks,Zaccharie,Risacher,Z. Risacher,zaccharie-risacher,F,,,25:40,5,9,0.556,2,6,0.333,5,6,0.833,0,3,3,2,1,0,0,1,17,3.0,0022400701
1,0022400701,1610612737,Atlanta,Hawks,ATL,hawks,1629631,De'Andre,Hunter,D. Hunter,deandre-hunter,F,,,30:44,121.4,122.1,129.9,127.9,-8.4,-5.9,0.0,0.0,0.0,0.0,0.0,0.0,0.0,0.643,0.672,0.208,0.21,105.7,106.2,88.5,68.0,0.056,0022400701,1610612737,Atlanta,Hawks,ATL,hawks,De'Andre,Hunter,D. Hunter,deandre-hunter,F,,,30:44,7,14,0.5,4,8,0.5,2,2,1.0,0,0,0,0,0,0,0,4,20,-4.0,0022400701
2,0022400701,1610612737,Atlanta,Hawks,ATL,hawks,1630168,Onyeka,Okongwu,O. Okongwu,onyeka-okongwu,C,,,28:08,116.4,115.6,135.9,133.3,-19.5,-17.7,0.053,1.0,11.1,0.043,0.318,0.178,11.1,0.714,0.761,0.119,0.122,106.94,108.34,90.28,64.0,0.101,0022400701,1610612737,Atlanta,Hawks,ATL,hawks,Onyeka,Okongwu,O. Okongwu,onyeka-okongwu,C,,,28:08,5,7,0.714,0,1,0.0,2,2,1.0,1,7,8,1,0,2,1,3,12,-10.0,0022400701
3,0022400701,1610612737,Atlanta,Hawks,ATL,hawks,1630700,Dyson,Daniels,D. Daniels,dyson-daniels,G,,,36:25,118.3,117.5,130.4,128.8,-12.1,-11.3,0.28,1.75,26.9,0.031,0.156,0.094,15.4,0.65,0.66,0.226,0.23,104.42,105.45,87.87,80.0,0.115,0022400701,1610612737,Atlanta,Hawks,ATL,hawks,Dyson,Daniels,D. Daniels,dyson-daniels,G,,,36:25,6,10,0.6,1,1,1.0,6,10,0.6,1,5,6,7,4,3,4,3,19,-9.0,0022400701
4,0022400701,1610612737,Atlanta,Hawks,ATL,hawks,1629027,Trae,Young,T. Young,trae-young,G,,,34:56,117.6,116.5,135.7,133.8,-18.1,-17.3,0.45,1.8,25.0,0.0,0.0,0.0,13.9,0.688,0.767,0.325,0.328,105.84,107.16,89.3,79.0,0.132,0022400701,1610612737,Atlanta,Hawks,ATL,hawks,Trae,Young,T. Young,trae-young,G,,,34:56,9,16,0.563,4,8,0.5,12,14,0.857,0,0,0,9,0,0,5,5,34,-11.0,0022400701
5,0022400701,1610612737,Atlanta,Hawks,ATL,hawks,1630811,Keaton,Wallace,K. Wallace,keaton-wallace,,,,13:04,138.1,142.9,97.0,93.1,41.1,49.8,0.308,4.0,50.0,0.0,0.0,0.0,12.5,0.0,0.347,0.129,0.134,104.38,104.75,87.29,28.0,0.0,0022400701,1610612737,Atlanta,Hawks,ATL,hawks,Keaton,Wallace,K. Wallace,keaton-wallace,,,,13:04,0,2,0.0,0,0,0.0,2,2,1.0,0,0,0,4,0,0,1,3,2,13.0,0022400701
6,0022400701,1610612737,Atlanta,Hawks,ATL,hawks,1626204,Larry,Nance Jr.,L. Nance Jr.,larry-nance-jr,,,,19:52,133.0,138.1,109.7,107.0,23.3,31.1,0.154,0.0,20.0,0.091,0.4,0.238,0.0,0.75,0.75,0.174,0.172,103.31,102.68,85.57,42.0,0.217,0022400701,1610612737,Atlanta,Hawks,ATL,hawks,Larry,Nance Jr.,L. Nance Jr.,larry-nance-jr,,,,19:52,5,8,0.625,2,4,0.5,0,0,0.0,2,8,10,2,1,0,0,2,12,12.0,0022400701
7,0022400701,1610612737,Atlanta,Hawks,ATL,hawks,1630249,Vít,Krejčí,V. Krejčí,vít-krejčí,,,,28:18,127.4,128.3,129.3,124.2,-1.9,4.1,0.111,2.0,16.7,0.0,0.154,0.073,8.3,0.722,0.722,0.154,0.155,101.77,103.46,86.22,60.0,0.096,0022400701,1610612737,Atlanta,Hawks,ATL,hawks,Vít,Krejčí,V. Krejčí,vít-krejčí,,,,28:18,5,9,0.556,3,6,0.5,0,0,0.0,0,4,4,2,1,1,1,2,13,0.0,0022400701
8,0022400701,1610612737,Atlanta,Hawks,ATL,hawks,1629726,Garrison,Mathews,G. Mathews,garrison-mathews,,,,11:35,137.1,146.2,109.2,103.8,27.9,42.3,0.0,0.0,0.0,0.0,0.4,0.174,0.0,0.0,0.237,0.207,0.202,108.65,107.74,89.78,26.0,0.0,0022400701,1610612737,Atlanta,Hawks,ATL,hawks,Garrison,Mathews,G. Mathews,garrison-mathews,,,,11:35,0,5,0.0,0,3,0.0,3,3,1.0,0,4,4,0,1,0,0,3,3,11.0,0022400701
9,0022400701,1610612737,Atlanta,Hawks,ATL,hawks,1631230,Dominick,Barlow,D. Barlow,dominick-barlow,,,,11:18,124.2,124.0,109.6,104.0,14.6,20.0,0.0,0.0,0.0,0.071,0.091,0.08,0.0,0.0,0.0,0.036,0.037,103.39,106.19,88.5,25.0,0.0,0022400701,1610612737,Atlanta,Hawks,ATL,hawks,Dominick,Barlow,D. Barlow,dominick-barlow,,,,11:18,0,1,0.0,0,0,0.0,0,0,0.0,1,1,2,0,0,1,0,1,0,5.0,0022400701
10,0022400701,1610612737,Atlanta,Hawks,ATL,hawks,1631243,Mouhamed,Gueye,M. Gueye,mouhamed-gueye,,DNP - Coach's Decision,,,0.0,0.0,0.0,0.0,0.0,0.0,0.0,0.0,0.0,0.0,0.0,0.0,0.0,0.0,0.0,0.0,0.0,0.0,0.0,0.0,0.0,0.0,0022400701,1610612737,Atlanta,Hawks,ATL,hawks,Mouhamed,Gueye,M. Gueye,mouhamed-gueye,,DNP - Coach's Decision,,,0,0,0.0,0,0,0.0,0,0,0.0,0,0,0,0,0,0,0,0,0,0.0,0022400701
11,0022400701,1610612737,Atlanta,Hawks,ATL,hawks,1631223,David,Roddy,D. Roddy,david-roddy,,DNP - Coach's Decision,,,0.0,0.0,0.0,0.0,0.0,0.0,0.0,0.0,0.0,0.0,0.0,0.0,0.0,0.0,0.0,0.0,0.0,0.0,0.0,0.0,0.0,0.0,0022400701,1610612737,Atlanta,Hawks,ATL,hawks,David,Roddy,D. Roddy,david-roddy,,DNP - Coach's Decision,,,0,0,0.0,0,0,0.0,0,0,0.0,0,0,0,0,0,0,0,0,0,0.0,0022400701
12,0022400701,1610612765,Detroit,Pistons,DET,pistons,1641709,Ausar,Thompson,A. Thompson,ausar-thompson,F,,,25:25,130.1,131.5,123.4,123.2,6.7,8.3,0.211,1.33,25.0,0.0,0.182,0.103,18.8,0.667,0.752,0.207,0.205,104.32,103.87,86.56,54.0,0.099,0022400701,1610612765,Detroit,Pistons,DET,pistons,Ausar,Thompson,A. Thompson,ausar-thompson,F,,,25:25,4,6,0.667,0,0,0.0,5,6,0.833,0,4,4,4,3,0,3,5,13,2.0,0022400701
13,0022400701,1610612765,Detroit,Pistons,DET,pistons,202699,Tobias,Harris,T. Harris,tobias-harris,F,,,35:14,133.6,132.1,116.4,116.7,17.2,15.4,0.069,0.0,11.1,0.0,0.133,0.067,0.0,0.615,0.684,0.184,0.186,105.8,106.26,88.55,78.0,0.109,0022400701,1610612765,Detroit,Pistons,DET,pistons,Tobias,Harris,T. Harris,tobias-harris,F,,,35:14,8,13,0.615,0,3,0.0,6,7,0.857,0,4,4,2,1,0,0,3,22,12.0,0022400701
14,0022400701,1610612765,Detroit,Pistons,DET,pistons,1631105,Jalen,Duren,J. Duren,jalen-duren,C,,,28:39,133.8,129.2,117.4,118.5,16.3,10.8,0.045,0.5,7.1,0.125,0.261,0.191,14.3,0.8,0.827,0.181,0.186,107.53,108.9,90.75,65.0,0.136,0022400701,1610612765,Detroit,Pistons,DET,pistons,Jalen,Duren,J. Duren,jalen-duren,C,,,28:39,8,10,0.8,0,0,0.0,2,2,1.0,3,6,9,1,0,2,2,2,18,7.0,0022400701
15,0022400701,1610612765,Detroit,Pistons,DET,pistons,203501,Tim,Hardaway Jr.,T. Hardaway Jr.,tim-hardaway-jr,G,,,26:58,135.9,131.3,115.1,116.4,20.8,14.9,0.143,4.0,30.8,0.083,0.0,0.043,7.7,0.357,0.444,0.127,0.131,109.9,111.25,92.71,64.0,0.02,0022400701,1610612765,Detroit,Pistons,DET,pistons,Tim,Hardaway Jr.,T. Hardaway Jr.,tim-hardaway-jr,G,,,26:58,2,7,0.286,1,4,0.25,2,2,1.0,2,0,2,4,0,0,1,3,7,13.0,0022400701
16,0022400701,1610612765,Detroit,Pistons,DET,pistons,1630595,Cade,Cunningham,C. Cunningham,cade-cunningham,G,,,38:05,134.6,131.8,123.9,122.9,10.7,8.9,0.467,4.67,31.1,0.03,0.147,0.09,6.7,0.37,0.522,0.326,0.333,104.31,105.87,88.23,85.0,0.144,0022400701,1610612765,Detroit,Pistons,DET,pistons,Cade,Cunningham,C. Cunningham,cade-cunningham,G,,,38:05,8,23,0.348,1,6,0.167,13,13,1.0,1,5,6,14,0,0,3,2,30,10.0,0022400701
17,0022400701,1610612765,Detroit,Pistons,DET,pistons,1627736,Malik,Beasley,M. Beasley,malik-beasley,,,,24:28,115.3,109.3,123.4,125.9,-8.0,-16.7,0.143,2.0,14.3,0.038,0.167,0.1,7.1,0.818,0.818,0.2,0.21,104.25,105.94,88.28,54.0,0.145,0022400701,1610612765,Detroit,Pistons,DET,pistons,Malik,Beasley,M. Beasley,malik-beasley,,,,24:28,6,11,0.545,6,10,0.6,0,0,0.0,1,4,5,2,2,0,1,4,18,-9.0,0022400701
18,0022400701,1610612765,Detroit,Pistons,DET,pistons,1630191,Isaiah,Stewart,I. Stewart,isaiah-stewart,,,,19:21,112.4,109.5,132.2,134.1,-19.8,-24.6,0.111,0.0,12.5,0.167,0.091,0.125,0.0,0.667,0.683,0.156,0.159,102.35,102.95,85.79,42.0,0.139,0022400701,1610612765,Detroit,Pistons,DET,pistons,Isaiah,Stewart,I. Stewart,isaiah-stewart,,,,19:21,4,6,0.667,0,0,0.0,2,3,0.667,3,2,5,1,0,0,0,0,10,-9.0,0022400701
19,0022400701,1610612765,Detroit,Pistons,DET,pistons,1631323,Simone,Fontecchio,S. Fontecchio,simone-fontecchio,,,,16:15,116.1,111.4,143.5,138.9,-27.4,-27.5,0.0,0.0,0.0,0.0,0.0,0.0,0.0,0.333,0.515,0.108,0.112,101.08,104.86,87.38,35.0,0.0,0022400701,1610612765,Detroit,Pistons,DET,pistons,Simone,Fontecchio,S. Fontecchio,simone-fontecchio,,,,16:15,1,3,0.333,0,2,0.0,2,2,1.0,0,0,0,0,0,0,0,2,4,-11.0,0022400701
20,0022400701,1610612765,Detroit,Pistons,DET,pistons,1631204,Marcus,Sasser,M. Sasser,marcus-sasser,,,,9:55,87.7,85.7,120.8,130.4,-33.1,-44.7,0.4,1.0,33.3,0.0,0.273,0.15,33.3,0.0,0.532,0.19,0.195,109.78,106.49,88.74,21.0,0.113,0022400701,1610612765,Detroit,Pistons,DET,pistons,Marcus,Sasser,M. Sasser,marcus-sasser,,,,9:55,0,1,0.0,0,0,0.0,2,2,1.0,0,3,3,2,1,0,2,1,2,-12.0,0022400701
21,0022400701,1610612765,Detroit,Pistons,DET,pistons,1641842,Ronald,Holland II,R. Holland II,ronald-holland-ii,,,,15:40,103.3,100.0,131.6,138.2,-28.3,-38.2,0.167,0.5,16.7,0.0,0.158,0.088,33.3,0.833,0.872,0.139,0.143,105.15,104.17,86.81,34.0,0.064,0022400701,1610612765,Detroit,Pistons,DET,pistons,Ronald,Holland II,R. Holland II,ronald-holland-ii,,,,15:40,2,3,0.667,1,2,0.5,1,1,1.0,0,3,3,1,0,0,2,3,6,-13.0,0022400701
22,0022400701,1610612765,Detroit,Pistons,DET,pistons,1631111,Wendell,Moore Jr.,W. Moore Jr.,wendell-moore-jr,,DNP - Coach's Decision,,,0.0,0.0,0.0,0.0,0.0,0.0,0.0,0.0,0.0,0.0,0.0,0.0,0.0,0.0,0.0,0.0,0.0,0.0,0.0,0.0,0.0,0.0,0022400701,1610612765,Detroit,Pistons,DET,pistons,Wendell,Moore Jr.,W. Moore Jr.,wendell-moore-jr,,DNP - Coach's Decision,,,0,0,0.0,0,0,0.0,0,0,0.0,0,0,0,0,0,0,0,0,0,0.0,0022400701
23,0022400701,1610612765,Detroit,Pistons,DET,pistons,1630194,Paul,Reed,P. Reed,paul-reed,,DNP - Coach's Decision,,,0.0,0.0,0.0,0.0,0.0,0.0,0.0,0.0,0.0,0.0,0.0,0.0,0.0,0.0,0.0,0.0,0.0,0.0,0.0,0.0,0.0,0.0,0022400701,1610612765,Detroit,Pistons,DET,pistons,Paul,Reed,P. Reed,paul-reed,,DNP - Coach's Decision,,,0,0,0.0,0,0,0.0,0,0,0.0,0,0,0,0,0,0,0,0,0,0.0,0022400701
24,0022200002,1610612747,Los Angeles,Lakers,LAL,lakers,1629022,Lonnie,Walker IV,L. Walker IV,lonnie-walker-iv,F,,,29:17,91.6,95.7,117.4,115.9,-25.8,-20.2,0.217,2.5,33.3,0.027,0.065,0.044,13.3,0.286,0.317,0.125,0.125,115.82,113.92,94.93,70.0,0.044,0022200002,1610612747,Los Angeles,Lakers,LAL,lakers,Lonnie,Walker IV,L. Walker IV,lonnie-walker-iv,F,,,29:17,2,7,0.286,0,3,0.0,1,2,0.5,1,2,3,5,1,1,2,0,5,-13.0,0022200002
25,0022200002,1610612747,Los Angeles,Lakers,LAL,lakers,2544,LeBron,James,L. James,lebron-james,F,,,35:12,93.3,97.6,110.4,109.4,-17.1,-11.8,0.421,1.6,20.0,0.111,0.294,0.19,12.5,0.519,0.558,0.327,0.327,118.06,115.91,96.59,85.0,0.195,0022200002,1610612747,Los Angeles,Lakers,LAL,lakers,LeBron,James,L. James,lebron-james,F,,,35:12,12,26,0.462,3,10,0.3,4,4,1.0,5,10,15,8,0,0,5,2,31,-10.0,0022200002
26,0022200002,1610612747,Los Angeles,Lakers,LAL,lakers,203076,Anthony,Davis,A. Davis,anthony-davis,C,,,35:36,95.2,98.9,121.1,121.6,-25.9,-22.7,0.0,0.0,0.0,0.0,0.136,0.072,10.3,0.455,0.52,0.296,0.298,120.49,117.98,98.31,87.0,0.104,0022200002,1610612747,Los Angeles,Lakers,LAL,lakers,Anthony,Davis,A. Davis,anthony-davis,C,,,35:36,10,22,0.455,0,3,0.0,7,9,0.778,0,6,6,0,4,1,3,2,27,-21.0,0022200002
27,0022200002,1610612747,Los Angeles,Lakers,LAL,lakers,201566,Russell,Westbrook,R. Westbrook,russell-westbrook,G,,,30:41,99.9,102.7,106.1,107.8,-6.1,-5.1,0.143,0.75,14.3,0.028,0.263,0.149,19.0,0.625,0.669,0.214,0.217,121.46,118.89,99.08,75.0,0.161,0022200002,1610612747,Los Angeles,Lakers,LAL,lakers,Russell,Westbrook,R. Westbrook,russell-westbrook,G,,,30:41,7,12,0.583,1,3,0.333,4,5,0.8,1,10,11,3,1,0,4,1,19,-6.0,0022200002
28,0022200002,1610612747,Los Angeles,Lakers,LAL,lakers,201976,Patrick,Beverley,P. Beverley,patrick-beverley,G,,,24:40,97.0,96.4,103.4,103.6,-6.4,-7.2,0.1,2.0,25.0,0.042,0.032,0.036,12.5,0.3,0.3,0.102,0.104,107.73,108.0,90.0,55.0,0.015,0022200002,1610612747,Los Angeles,Lakers,LAL,lakers,Patrick,Beverley,P. Beverley,patrick-beverley,G,,,24:40,1,5,0.2,1,5,0.2,0,0,0.0,1,1,2,2,4,2,1,5,3,-5.0,0022200002
29,0022200002,1610612747,Los Angeles,Lakers,LAL,lakers,1630559,Austin,Reaves,A. Reaves,austin-reaves,,,,16:00,76.0,80.0,91.0,95.0,-15.0,-15.0,0.083,0.0,25.0,0.0,0.0,0.0,0.0,0.333,0.436,0.068,0.068,125.76,120.0,100.0,40.0,0.019,0022200002,1610612747,Los Angeles,Lakers,LAL,lakers,Austin,Reaves,A. Reaves,austin-reaves,,,,16:00,1,3,0.333,0,2,0.0,1,1,1.0,0,0,0,1,0,0,0,1,3,-6.0,0022200002
30,0022200002,1610612747,Los Angeles,Lakers,LAL,lakers,1629134,Kendrick,Nunn,K. Nunn,kendrick-nunn,,,,23:03,97.8,100.0,123.5,127.1,-25.8,-27.1,0.133,0.67,14.3,0.0,0.111,0.058,21.4,0.722,0.722,0.188,0.193,122.86,119.74,99.78,56.0,0.085,0022200002,1610612747,Los Angeles,Lakers,LAL,lakers,Kendrick,Nunn,K. Nunn,kendrick-nunn,,,,23:03,5,9,0.556,3,6,0.5,0,0,0.0,0,3,3,2,1,0,3,2,13,-19.0,0022200002
31,0022200002,1610612747,Los Angeles,Lakers,LAL,lakers,1629308,Juan,Toscano-Anderson,J. Toscano-Anderson,juan-toscano-anderson,,,,14:18,76.0,76.5,71.2,74.3,4.8,2.2,0.0,0.0,0.0,0.0,0.182,0.103,40.0,0.0,0.0,0.132,0.138,118.69,115.8,96.5,34.0,-0.077,0022200002,1610612747,Los Angeles,Lakers,LAL,lakers,Juan,Toscano-Anderson,J. Toscano-Anderson,juan-toscano-anderson,,,,14:18,0,3,0.0,0,3,0.0,0,0,0.0,0,4,4,0,0,0,2,1,0,0.0,0022200002
32,0022200002,1610612747,Los Angeles,Lakers,LAL,lakers,1629117,Wenyen,Gabriel,W. Gabriel,wenyen-gabriel,,,,7:48,67.6,66.7,67.6,63.2,0.0,3.5,0.25,0.0,33.3,0.071,0.0,0.048,0.0,0.0,0.0,0.095,0.101,109.29,113.85,94.87,18.0,-0.438,0022200002,1610612747,Los Angeles,Lakers,LAL,lakers,Wenyen,Gabriel,W. Gabriel,wenyen-gabriel,,,,7:48,0,1,0.0,0,0,0.0,0,2,0.0,1,0,1,1,0,0,0,2,0,0.0,0022200002
33,0022200002,1610612747,Los Angeles,Lakers,LAL,lakers,1630346,Matt,Ryan,M. Ryan,matt-ryan,,,,17:49,87.8,92.7,93.1,88.1,-5.3,4.6,0.0,0.0,0.0,0.0,0.045,0.023,20.0,0.375,0.375,0.111,0.11,111.86,111.81,93.17,41.0,-0.017,0022200002,1610612747,Los Angeles,Lakers,LAL,lakers,Matt,Ryan,M. Ryan,matt-ryan,,,,17:49,1,4,0.25,1,3,0.333,0,0,0.0,0,1,1,0,1,0,1,2,3,1.0,0022200002
34,0022200002,1610612747,Los Angeles,Lakers,LAL,lakers,1631306,Cole,Swider,C. Swider,cole-swider,,,,1:52,133.0,125.0,66.7,50.0,66.3,75.0,1.0,0.0,50.0,0.0,0.5,0.25,0.0,0.0,0.0,0.25,0.266,86.91,102.86,85.71,4.0,0.2,0022200002,1610612747,Los Angeles,Lakers,LAL,lakers,Cole,Swider,C. Swider,cole-swider,,,,1:52,0,1,0.0,0,1,0.0,0,0,0.0,0,1,1,1,0,0,0,0,0,3.0,0022200002
35,0022200002,1610612747,Los Angeles,Lakers,LAL,lakers,1630590,Scotty,Pippen Jr.,S. Pippen Jr.,scotty-pippen-jr,,,,1:52,133.0,125.0,66.7,50.0,66.3,75.0,0.0,0.0,0.0,0.0,0.0,0.0,0.0,0.0,1.136,0.25,0.266,86.91,102.86,85.71,4.0,0.4,0022200002,1610612747,Los Angeles,Lakers,LAL,lakers,Scotty,Pippen Jr.,S. Pippen Jr.,scotty-pippen-jr,,,,1:52,0,0,0.0,0,0,0.0,2,2,1.0,0,0,0,0,0,0,0,0,2,3.0,0022200002
36,0022200002,1610612747,Los Angeles,Lakers,LAL,lakers,1631108,Max,Christie,M. Christie,max-christie,,,,1:52,133.0,125.0,66.7,50.0,66.3,75.0,0.0,0.0,0.0,0.0,0.5,0.25,0.0,1.5,1.5,0.25,0.266,86.91,102.86,85.71,4.0,0.8,0022200002,1610612747,Los Angeles,Lakers,LAL,lakers,Max,Christie,M. Christie,max-christie,,,,1:52,1,1,1.0,1,1,1.0,0,0,0.0,0,1,1,0,0,0,0,0,3,3.0,0022200002
37,0022200002,1610612747,Los Angeles,Lakers,LAL,lakers,1627745,Damian,Jones,D. Jones,damian-jones,,DNP - Coach's Decision,,,0.0,0.0,0.0,0.0,0.0,0.0,0.0,0.0,0.0,0.0,0.0,0.0,0.0,0.0,0.0,0.0,0.0,0.0,0.0,0.0,0.0,0.0,0022200002,1610612747,Los Angeles,Lakers,LAL,lakers,Damian,Jones,D. Jones,damian-jones,,DNP - Coach's Decision,,,0,0,0.0,0,0,0.0,0,0,0.0,0,0,0,0,0,0,0,0,0,0.0,0022200002
38,0022200002,1610612744,Golden State,Warriors,GSW,warriors,203952,Andrew,Wiggins,A. Wiggins,andrew-wiggins,F,,,29:28,131.6,134.2,97.4,100.0,34.1,34.2,0.148,4.0,21.1,0.031,0.161,0.095,5.3,0.714,0.714,0.19,0.189,121.69,118.92,99.1,73.0,0.115,0022200002,1610612744,Golden State,Warriors,GSW,warriors,Andrew,Wiggins,A. Wiggins,andrew-wiggins,F,,,29:28,8,14,0.571,4,7,0.571,0,0,0.0,1,5,6,4,1,1,1,5,20,25.0,0022200002
39,0022200002,1610612744,Golden State,Warriors,GSW,warriors,203110,Draymond,Green,D. Green,draymond-green,F,,,24:41,113.3,111.7,87.7,91.7,25.6,20.0,0.217,5.0,45.5,0.0,0.152,0.081,9.1,0.4,0.4,0.09,0.092,118.51,116.68,97.23,60.0,0.082,0022200002,1610612744,Golden State,Warriors,GSW,warriors,Draymond,Green,D. Green,draymond-green,F,,,24:41,2,5,0.4,0,0,0.0,0,0,0.0,0,5,5,5,0,0,1,1,4,12.0,0022200002
40,0022200002,1610612744,Golden State,Warriors,GSW,warriors,1626172,Kevon,Looney,K. Looney,kevon-looney,C,,,21:08,143.5,141.5,88.1,86.5,55.4,55.0,0.087,0.0,33.3,0.1,0.19,0.146,0.0,0.75,0.788,0.07,0.071,117.37,119.23,99.36,53.0,0.098,0022200002,1610612744,Golden State,Warriors,GSW,warriors,Kevon,Looney,K. Looney,kevon-looney,C,,,21:08,3,4,0.75,0,0,0.0,1,1,1.0,2,4,6,2,1,0,0,2,7,30.0,0022200002
41,0022200002,1610612744,Golden State,Warriors,GSW,warriors,202691,Klay,Thompson,K. Thompson,klay-thompson,G,,,19:39,118.1,117.4,88.6,93.5,29.5,23.9,0.214,1.5,15.0,0.0,0.074,0.041,10.0,0.538,0.592,0.327,0.329,115.1,112.37,93.64,46.0,0.122,0022200002,1610612744,Golden State,Warriors,GSW,warriors,Klay,Thompson,K. Thompson,klay-thompson,G,,,19:39,6,13,0.462,2,6,0.333,4,5,0.8,0,2,2,3,1,0,2,3,18,11.0,0022200002
42,0022200002,1610612744,Golden State,Warriors,GSW,warriors,201939,Stephen,Curry,S. Curry,stephen-curry,G,,,32:48,119.8,122.0,96.1,100.0,23.7,22.0,0.269,1.75,19.4,0.025,0.143,0.08,11.1,0.545,0.636,0.315,0.324,121.98,118.52,98.77,82.0,0.194,0022200002,1610612744,Golden State,Warriors,GSW,warriors,Stephen,Curry,S. Curry,stephen-curry,G,,,32:48,10,22,0.455,4,13,0.308,9,9,1.0,1,5,6,7,4,1,4,1,33,20.0,0022200002
43,0022200002,1610612744,Golden State,Warriors,GSW,warriors,1629673,Jordan,Poole,J. Poole,jordan-poole,,,,28:11,87.0,88.2,82.4,89.4,4.6,-1.2,0.368,1.75,25.9,0.0,0.053,0.026,14.8,0.333,0.378,0.247,0.257,119.7,114.11,95.09,68.0,0.071,0022200002,1610612744,Golden State,Warriors,GSW,warriors,Jordan,Poole,J. Poole,jordan-poole,,,,28:11,4,15,0.267,2,9,0.222,2,2,1.0,0,2,2,7,2,0,4,2,12,1.0,0022200002
44,0022200002,1610612744,Golden State,Warriors,GSW,warriors,1630164,James,Wiseman,J. Wiseman,james-wiseman,,,,16:31,60.7,61.5,86.6,92.1,-25.9,-30.6,0.0,0.0,0.0,0.043,0.273,0.156,0.0,0.667,0.515,0.17,0.188,116.13,111.89,93.24,39.0,0.215,0022200002,1610612744,Golden State,Warriors,GSW,warriors,James,Wiseman,J. Wiseman,james-wiseman,,,,16:31,4,6,0.667,0,0,0.0,0,4,0.0,1,6,7,0,0,1,0,2,8,-11.0,0022200002
45,0022200002,1610612744,Golden State,Warriors,GSW,warriors,203210,JaMychal,Green,J. Green,jamychal-green,,,,23:26,89.3,91.1,97.5,98.2,-8.1,-7.1,0.0,0.0,0.0,0.152,0.077,0.119,0.0,0.667,0.667,0.087,0.091,115.2,113.68,94.74,56.0,0.117,0022200002,1610612744,Golden State,Warriors,GSW,warriors,JaMychal,Green,J. Green,jamychal-green,,,,23:26,3,6,0.5,2,3,0.667,0,0,0.0,5,2,7,0,1,0,0,1,8,-3.0,0022200002
46,0022200002,1610612744,Golden State,Warriors,GSW,warriors,1630228,Jonathan,Kuminga,J. Kuminga,jonathan-kuminga,,,,13:04,54.0,55.2,77.2,80.0,-23.2,-24.8,0.0,0.0,0.0,0.063,0.105,0.086,40.0,0.0,0.0,0.147,0.158,111.55,108.4,90.33,29.0,-0.25,0022200002,1610612744,Golden State,Warriors,GSW,warriors,Jonathan,Kuminga,J. Kuminga,jonathan-kuminga,,,,13:04,0,3,0.0,0,2,0.0,0,0,0.0,1,2,3,0,0,1,2,2,0,-8.0,0022200002
47,0022200002,1610612744,Golden State,Warriors,GSW,warriors,1628978,Donte,DiVincenzo,D. DiVincenzo,donte-divincenzo,,,,21:37,98.1,96.1,109.0,112.5,-11.0,-16.4,0.133,0.5,15.4,0.0,0.087,0.044,30.8,0.583,0.581,0.19,0.2,110.45,109.92,91.6,51.0,0.037,0022200002,1610612744,Golden State,Warriors,GSW,warriors,Donte,DiVincenzo,D. DiVincenzo,donte-divincenzo,,,,21:37,3,6,0.5,1,2,0.5,1,2,0.5,0,2,2,2,1,0,4,2,8,-5.0,0022200002
48,0022200002,1610612744,Golden State,Warriors,GSW,warriors,1630541,Moses,Moody,M. Moody,moses-moody,,,,7:35,109.7,105.6,101.4,105.9,8.3,-0.3,0.0,0.0,0.0,0.0,0.125,0.063,0.0,0.625,0.625,0.211,0.231,111.02,110.77,92.31,18.0,0.129,0022200002,1610612744,Golden State,Warriors,GSW,warriors,Moses,Moody,M. Moody,moses-moody,,,,7:35,2,4,0.5,1,3,0.333,0,0,0.0,0,1,1,0,0,0,0,0,5,1.0,0022200002
49,0022200002,1610612744,Golden State,Warriors,GSW,warriors,1631157,Ryan,Rollins,R. Rollins,ryan-rollins,,,,1:52,66.7,50.0,133.0,125.0,-66.3,-75.0,1.0,0.0,50.0,0.0,0.5,0.25,0.0,0.0,0.0,0.25,0.333,86.91,102.86,85.71,4.0,-0.2,0022200002,1610612744,Golden State,Warriors,GSW,warriors,Ryan,Rollins,R. Rollins,ryan-rollins,,,,1:52,0,1,0.0,0,0,0.0,0,0,0.0,0,1,1,1,0,0,0,2,0,-3.0,0022200002
50,0022200002,1610612744,Golden State,Warriors,GSW,warriors,1631116,Patrick,Baldwin Jr.,P. Baldwin Jr.,patrick-baldwin-jr,,DNP - Coach's Decision,,,0.0,0.0,0.0,0.0,0.0,0.0,0.0,0.0,0.0,0.0,0.0,0.0,0.0,0.0,0.0,0.0,0.0,0.0,0.0,0.0,0.0,0.0,0022200002,1610612744,Golden State,Warriors,GSW,warriors,Patrick,Baldwin,P. Baldwin,patrick-baldwin,,DNP - Coach's Decision,,,0,0,0.0,0,0,0.0,0,0,0.0,0,0,0,0,0,0,0,0,0,0.0,0022200002
